<?xml version="1.0" encoding="UTF-8"?>
<project-private xmlns="http://www.netbeans.org/ns/project-private/1">
    <editor-bookmarks xmlns="http://www.netbeans.org/ns/editor-bookmarks/2" lastBookmarkId="0"/>
    <open-files xmlns="http://www.netbeans.org/ns/projectui-open-files/2">
        <group>
            <file>file:/C:/Users/victo/OneDrive/Documentos/NetBeansProjects/AcademiaZangief2/src/Venda/VendaPlano.java</file>
            <file>file:/C:/Users/victo/OneDrive/Documentos/NetBeansProjects/AcademiaZangief2/src/visao/TreinoForm.java</file>
            <file>file:/C:/Users/victo/OneDrive/Documentos/NetBeansProjects/AcademiaZangief2/src/dao/TreinoDAO.java</file>
            <file>file:/C:/Users/victo/OneDrive/Documentos/NetBeansProjects/AcademiaZangief2/src/TelaLogin/Aluno.java</file>
            <file>file:/C:/Users/victo/OneDrive/Documentos/NetBeansProjects/AcademiaZangief2/src/dao/AvaliacaoDAO.java</file>
            <file>file:/C:/Users/victo/OneDrive/Documentos/NetBeansProjects/AcademiaZangief2/src/visao/AvaliacaoForm.java</file>
            <file>file:/C:/Users/victo/OneDrive/Documentos/NetBeansProjects/AcademiaZangief2/src/TelaLogin/Principal.java</file>
            <file>file:/C:/Users/victo/OneDrive/Documentos/NetBeansProjects/AcademiaZangief2/src/TelaLogin/Treinador.java</file>
        </group>
    </open-files>
</project-private>
